{"text": " Thank you all and let's share a Belgian beer now. Bye.", "segments": [{"id": 0, "seek": 0, "start": 0.0, "end": 23.12, "text": " Thank you all and let's share a Belgian beer now.", "tokens": [50364, 1044, 291, 439, 293, 718, 311, 2073, 257, 47127, 8795, 586, 13, 51520], "temperature": 0.0, "avg_logprob": -0.6270694255828857, "compression_ratio": 0.8709677419354839, "no_speech_prob": 0.3729523718357086}, {"id": 1, "seek": 0, "start": 23.12, "end": 24.12, "text": " Bye.", "tokens": [51520, 4621, 13, 51570], "temperature": 0.0, "avg_logprob": -0.6270694255828857, "compression_ratio": 0.8709677419354839, "no_speech_prob": 0.3729523718357086}], "language": "en"}