{"text": " you you you you", "segments": [{"id": 0, "seek": 0, "start": 0.0, "end": 2.06, "text": " you", "tokens": [50364, 291, 50467], "temperature": 0.0, "avg_logprob": -0.49886730313301086, "compression_ratio": 0.2727272727272727, "no_speech_prob": 0.9381479024887085}, {"id": 1, "seek": 3000, "start": 30.0, "end": 32.06, "text": " you", "tokens": [50364, 291, 50467], "temperature": 0.0, "avg_logprob": -0.8473348617553711, "compression_ratio": 0.2727272727272727, "no_speech_prob": 0.8493077158927917}, {"id": 2, "seek": 6000, "start": 60.0, "end": 62.06, "text": " you", "tokens": [50364, 291, 50467], "temperature": 0.0, "avg_logprob": -0.8777090907096863, "compression_ratio": 0.2727272727272727, "no_speech_prob": 0.7941666841506958}, {"id": 3, "seek": 9000, "start": 90.0, "end": 92.06, "text": " you", "tokens": [50364, 291, 50467], "temperature": 0.0, "avg_logprob": -0.9527932405471802, "compression_ratio": 0.2727272727272727, "no_speech_prob": 0.748981773853302}], "language": "en"}